{
  "datos": [
    {
      "Comercializador": "Enel X",
      "Mercado": "CUNDINAMARCA",
      "Nivel de Tensión": "1 OR",
      "G": 388.0506,
      "T": 56.7575,
      "D": 299.0111,
      "C": 31.74,
      "COT": 0.0,
      "P": 74.6299,
      "R": 38.4111,
      "CU": 888.6002,
      "CU + COT": 888.6002
    },
    {
      "Comercializador": "Enel X",
      "Mercado": "CUNDINAMARCA",
      "Nivel de Tensión": "1 COMP",
      "G": 388.0506,
      "T": 56.7575,
      "D": 272.3748,
      "C": 31.74,
      "COT": 0.0,
      "P": 74.6299,
      "R": 38.4111,
      "CU": 861.9639,
      "CU + COT": 861.9639
    },
    {
      "Comercializador": "Enel X",
      "Mercado": "CUNDINAMARCA",
      "Nivel de Tensión": "1 US",
      "G": 388.0506,
      "T": 56.7575,
      "D": 245.7386,
      "C": 31.74,
      "COT": 0.0,
      "P": 74.6299,
      "R": 38.4111,
      "CU": 835.3277,
      "CU + COT": 835.3277
    },
    {
      "Comercializador": "Enel X",
      "Mercado": "CUNDINAMARCA",
      "Nivel de Tensión": "2",
      "G": 388.0506,
      "T": 56.7575,
      "D": 188.3506,
      "C": 31.74,
      "COT": 37.89,
      "P": 24.6596,
      "R": 38.4111,
      "CU": 727.9694,
      "CU + COT": 765.8594
    },
    {
      "Comercializador": "Enel X",
      "Mercado": "CUNDINAMARCA",
      "Nivel de Tensión": "3",
      "G": 388.0506,
      "T": 56.7575,
      "D": 127.3489,
      "C": 31.74,
      "COT": 32.79,
      "P": 23.8921,
      "R": 38.4111,
      "CU": 666.2002,
      "CU + COT": 698.9902
    },
    {
      "Comercializador": "Enel X",
      "Mercado": "ANTIOQUIA",
      "Nivel de Tensión": "1 OR",
      "G": 388.6744,
      "T": 56.7575,
      "D": 326.9453,
      "C": 31.6689,
      "COT": 45.22,
      "P": 77.3604,
      "R": 38.4111,
      "CU": 919.8176,
      "CU + COT": 965.0376
    },
    {
      "Comercializador": "Enel X",
      "Mercado": "ANTIOQUIA",
      "Nivel de Tensión": "1 COMP",
      "G": 388.6744,
      "T": 56.7575,
      "D": 291.4128,
      "C": 31.6689,
      "COT": 45.22,
      "P": 77.3604,
      "R": 38.4111,
      "CU": 884.2851,
      "CU + COT": 929.5051
    },
    {
      "Comercializador": "Enel X",
      "Mercado": "ANTIOQUIA",
      "Nivel de Tensión": "1 US",
      "G": 388.6744,
      "T": 56.7575,
      "D": 255.8803,
      "C": 31.6689,
      "COT": 45.22,
      "P": 77.3604,
      "R": 38.4111,
      "CU": 848.7526,
      "CU + COT": 893.9726
    },
    {
      "Comercializador": "Enel X",
      "Mercado": "ANTIOQUIA",
      "Nivel de Tensión": "2",
      "G": 388.6744,
      "T": 56.7575,
      "D": 206.2744,
      "C": 31.6689,
      "COT": 21.04,
      "P": 22.8063,
      "R": 38.4111,
      "CU": 744.5926,
      "CU + COT": 765.6326
    },
    {
      "Comercializador": "Enel X",
      "Mercado": "ANTIOQUIA",
      "Nivel de Tensión": "3",
      "G": 388.6744,
      "T": 56.7575,
      "D": 90.8879,
      "C": 31.6689,
      "COT": 19.47,
      "P": 20.1904,
      "R": 38.4111,
      "CU": 626.5902,
      "CU + COT": 646.0602
    },
    {
      "Comercializador": "Enel X",
      "Mercado": "BOLIVAR",
      "Nivel de Tensión": "1 OR",
      "G": 389.6481,
      "T": 56.7575,
      "D": 214.7089,
      "C": 31.3388,
      "COT": 85.85,
      "P": 156.529,
      "R": 38.4111,
      "CU": 887.3935,
      "CU + COT": 973.2427
    },
    {
      "Comercializador": "Enel X",
      "Mercado": "BOLIVAR",
      "Nivel de Tensión": "1 COMP",
      "G": 389.6481,
      "T": 56.7575,
      "D": 196.766,
      "C": 31.3388,
      "COT": 85.85,
      "P": 156.529,
      "R": 38.4111,
      "CU": 869.4506,
      "CU + COT": 955.2998
    },
    {
      "Comercializador": "Enel X",
      "Mercado": "BOLIVAR",
      "Nivel de Tensión": "1 US",
      "G": 389.6481,
      "T": 56.7575,
      "D": 178.8231,
      "C": 31.3388,
      "COT": 85.85,
      "P": 156.529,
      "R": 38.4111,
      "CU": 851.5077,
      "CU + COT": 937.3569
    },
    {
      "Comercializador": "Enel X",
      "Mercado": "BOLIVAR",
      "Nivel de Tensión": "2",
      "G": 389.6481,
      "T": 56.7575,
      "D": 139.8606,
      "C": 31.3388,
      "COT": 59.09,
      "P": 46.3032,
      "R": 38.4111,
      "CU": 702.3193,
      "CU + COT": 761.4098
    },
    {
      "Comercializador": "Enel X",
      "Mercado": "BOLIVAR",
      "Nivel de Tensión": "3",
      "G": 389.6481,
      "T": 56.7575,
      "D": 108.9225,
      "C": 31.3388,
      "COT": 0.0,
      "P": 33.3663,
      "R": 38.4111,
      "CU": 658.4443,
      "CU + COT": 658.4443
    },
    {
      "Comercializador": "Enel X",
      "Mercado": "ATLANTICO",
      "Nivel de Tensión": "1 OR",
      "G": 389.6481,
      "T": 56.7575,
      "D": 133.0225,
      "C": 29.4157,
      "COT": 14.26,
      "P": 110.528,
      "R": 38.4111,
      "CU": 757.7829,
      "CU + COT": 772.0399
    },
    {
      "Comercializador": "Enel X",
      "Mercado": "ATLANTICO",
      "Nivel de Tensión": "1 COMP",
      "G": 389.6481,
      "T": 56.7575,
      "D": 121.4565,
      "C": 29.4157,
      "COT": 14.26,
      "P": 110.528,
      "R": 38.4111,
      "CU": 746.2169,
      "CU + COT": 760.4739
    },
    {
      "Comercializador": "Enel X",
      "Mercado": "ATLANTICO",
      "Nivel de Tensión": "1 US",
      "G": 389.6481,
      "T": 56.7575,
      "D": 109.8906,
      "C": 29.4157,
      "COT": 14.26,
      "P": 110.528,
      "R": 38.4111,
      "CU": 734.651,
      "CU + COT": 748.908
    },
    {
      "Comercializador": "Enel X",
      "Mercado": "ATLANTICO",
      "Nivel de Tensión": "2",
      "G": 389.6481,
      "T": 56.7575,
      "D": 92.1323,
      "C": 29.4157,
      "COT": 0.0,
      "P": 46.8539,
      "R": 38.4111,
      "CU": 653.2186,
      "CU + COT": 653.2186
    },
    {
      "Comercializador": "Enel X",
      "Mercado": "ATLANTICO",
      "Nivel de Tensión": "3",
      "G": 389.6481,
      "T": 56.7575,
      "D": 72.9073,
      "C": 29.4157,
      "COT": 0.0,
      "P": 42.3471,
      "R": 38.4111,
      "CU": 629.4868,
      "CU + COT": 629.4868
    },
    {
      "Comercializador": "Enel X",
      "Mercado": "VALLE",
      "Nivel de Tensión": "1 OR",
      "G": 388.5279,
      "T": 56.7575,
      "D": 261.038,
      "C": 30.4678,
      "COT": 0.0,
      "P": 61.1544,
      "R": 38.4111,
      "CU": 836.3567,
      "CU + COT": 836.3567
    },
    {
      "Comercializador": "Enel X",
      "Mercado": "VALLE",
      "Nivel de Tensión": "1 US",
      "G": 388.5279,
      "T": 56.7575,
      "D": 232.5351,
      "C": 30.4678,
      "COT": 0.0,
      "P": 61.1544,
      "R": 38.4111,
      "CU": 807.8538,
      "CU + COT": 807.8538
    },
    {
      "Comercializador": "Enel X",
      "Mercado": "VALLE",
      "Nivel de Tensión": "2",
      "G": 388.5279,
      "T": 56.7575,
      "D": 153.1842,
      "C": 30.4678,
      "COT": 0.0,
      "P": 27.4021,
      "R": 38.4111,
      "CU": 694.7506,
      "CU + COT": 694.7506
    },
    {
      "Comercializador": "Enel X",
      "Mercado": "VALLE",
      "Nivel de Tensión": "3",
      "G": 388.5279,
      "T": 56.7575,
      "D": 94.3738,
      "C": 30.4678,
      "COT": 0.0,
      "P": 25.5147,
      "R": 38.4111,
      "CU": 634.0528,
      "CU + COT": 634.0528
    },
    {
      "Comercializador": "Enel X",
      "Mercado": "CASANARE",
      "Nivel de Tensión": "1 OR",
      "G": 394.2087,
      "T": 56.7575,
      "D": 262.4731,
      "C": 47.8308,
      "COT": 21.68,
      "P": 90.4987,
      "R": 38.4111,
      "CU": 890.1799,
      "CU + COT": 911.8612
    },
    {
      "Comercializador": "Enel X",
      "Mercado": "CASANARE",
      "Nivel de Tensión": "1 US",
      "G": 394.2087,
      "T": 56.7575,
      "D": 178.4568,
      "C": 47.8308,
      "COT": 21.68,
      "P": 90.4987,
      "R": 38.4111,
      "CU": 806.1636,
      "CU + COT": 827.8449
    },
    {
      "Comercializador": "Enel X",
      "Mercado": "CASANARE",
      "Nivel de Tensión": "2",
      "G": 394.2087,
      "T": 56.7575,
      "D": 181.0986,
      "C": 47.8308,
      "COT": 0.0,
      "P": 36.4222,
      "R": 38.4111,
      "CU": 754.7289,
      "CU + COT": 754.7289
    },
    {
      "Comercializador": "Enel X",
      "Mercado": "CASANARE",
      "Nivel de Tensión": "3",
      "G": 394.2087,
      "T": 56.7575,
      "D": 79.7306,
      "C": 47.8308,
      "COT": 0.0,
      "P": 31.1448,
      "R": 38.4111,
      "CU": 648.0835,
      "CU + COT": 648.0835
    },
    {
      "Comercializador": "Enel X",
      "Mercado": "CALDAS",
      "Nivel de Tensión": "1 OR",
      "G": 392.4316,
      "T": 56.7575,
      "D": 326.9453,
      "C": 38.6506,
      "COT": 73.91,
      "P": 72.4412,
      "R": 38.4111,
      "CU": 925.6373,
      "CU + COT": 999.5427
    },
    {
      "Comercializador": "Enel X",
      "Mercado": "CALDAS",
      "Nivel de Tensión": "1 COMP",
      "G": 392.4316,
      "T": 56.7575,
      "D": 288.1281,
      "C": 38.6506,
      "COT": 73.91,
      "P": 72.4412,
      "R": 38.4111,
      "CU": 886.8201,
      "CU + COT": 960.7255
    },
    {
      "Comercializador": "Enel X",
      "Mercado": "CALDAS",
      "Nivel de Tensión": "1 US",
      "G": 392.4316,
      "T": 56.7575,
      "D": 249.3108,
      "C": 38.6506,
      "COT": 73.91,
      "P": 72.4412,
      "R": 38.4111,
      "CU": 848.0028,
      "CU + COT": 921.9082
    },
    {
      "Comercializador": "Enel X",
      "Mercado": "CALDAS",
      "Nivel de Tensión": "2",
      "G": 392.4316,
      "T": 56.7575,
      "D": 206.2744,
      "C": 38.6506,
      "COT": 42.88,
      "P": 32.1808,
      "R": 38.4111,
      "CU": 764.706,
      "CU + COT": 807.5811
    },
    {
      "Comercializador": "Enel X",
      "Mercado": "CALDAS",
      "Nivel de Tensión": "3",
      "G": 392.4316,
      "T": 56.7575,
      "D": 90.8879,
      "C": 38.6506,
      "COT": 0.0,
      "P": 23.491,
      "R": 38.4111,
      "CU": 640.6297,
      "CU + COT": 640.6297
    },
    {
      "Comercializador": "Enel X",
      "Mercado": "SANTANDER",
      "Nivel de Tensión": "1 OR",
      "G": 296.4048,
      "T": 56.7575,
      "D": 326.9453,
      "C": 31.8405,
      "COT": 39.87,
      "P": 69.3858,
      "R": 38.4111,
      "CU": 819.745,
      "CU + COT": 859.615
    },
    {
      "Comercializador": "Enel X",
      "Mercado": "SANTANDER",
      "Nivel de Tensión": "1 COMP",
      "G": 296.4048,
      "T": 56.7575,
      "D": 281.1742,
      "C": 31.8405,
      "COT": 39.87,
      "P": 69.3858,
      "R": 38.4111,
      "CU": 773.9739,
      "CU + COT": 813.8439
    },
    {
      "Comercializador": "Enel X",
      "Mercado": "SANTANDER",
      "Nivel de Tensión": "1 US",
      "G": 296.4048,
      "T": 56.7575,
      "D": 235.403,
      "C": 31.8405,
      "COT": 39.87,
      "P": 69.3858,
      "R": 38.4111,
      "CU": 728.2027,
      "CU + COT": 768.0727
    },
    {
      "Comercializador": "Enel X",
      "Mercado": "SANTANDER",
      "Nivel de Tensión": "2",
      "G": 296.4048,
      "T": 56.7575,
      "D": 206.2744,
      "C": 31.8405,
      "COT": 23.24,
      "P": 27.4955,
      "R": 38.4111,
      "CU": 657.1838,
      "CU + COT": 680.4238
    },
    {
      "Comercializador": "Enel X",
      "Mercado": "SANTANDER",
      "Nivel de Tensión": "3",
      "G": 296.4048,
      "T": 56.7575,
      "D": 90.8879,
      "C": 31.8405,
      "COT": 24.45,
      "P": 21.6989,
      "R": 38.4111,
      "CU": 536.0007,
      "CU + COT": 560.4507
    },
    {
      "Comercializador": "Enel X",
      "Mercado": "NORTE DE SANTANDER",
      "Nivel de Tensión": "1 OR",
      "G": 390.8207,
      "T": 56.7575,
      "D": 326.9453,
      "C": 42.0812,
      "COT": 53.12,
      "P": 81.7466,
      "R": 38.4111,
      "CU": 936.7624,
      "CU + COT": 989.8779
    },
    {
      "Comercializador": "Enel X",
      "Mercado": "NORTE DE SANTANDER",
      "Nivel de Tensión": "1 COMP",
      "G": 390.8207,
      "T": 56.7575,
      "D": 299.0402,
      "C": 42.0812,
      "COT": 53.12,
      "P": 81.7466,
      "R": 38.4111,
      "CU": 908.8573,
      "CU + COT": 961.9728
    },
    {
      "Comercializador": "Enel X",
      "Mercado": "NORTE DE SANTANDER",
      "Nivel de Tensión": "1 US",
      "G": 390.8207,
      "T": 56.7575,
      "D": 271.135,
      "C": 42.0812,
      "COT": 53.12,
      "P": 81.7466,
      "R": 38.4111,
      "CU": 880.9521,
      "CU + COT": 934.0676
    },
    {
      "Comercializador": "Enel X",
      "Mercado": "NORTE DE SANTANDER",
      "Nivel de Tensión": "2",
      "G": 390.8207,
      "T": 56.7575,
      "D": 206.2744,
      "C": 42.0812,
      "COT": 33.18,
      "P": 25.9336,
      "R": 38.4111,
      "CU": 760.2785,
      "CU + COT": 793.4586
    },
    {
      "Comercializador": "Enel X",
      "Mercado": "NORTE DE SANTANDER",
      "Nivel de Tensión": "3",
      "G": 390.8207,
      "T": 56.7575,
      "D": 90.8879,
      "C": 42.0812,
      "COT": 39.4,
      "P": 26.704,
      "R": 38.4111,
      "CU": 645.6624,
      "CU + COT": 685.0602
    },
    {
      "Comercializador": "Enel X",
      "Mercado": "META",
      "Nivel de Tensión": "1 OR",
      "G": 390.6608,
      "T": 56.7575,
      "D": 262.4731,
      "C": 31.8621,
      "COT": 61.07,
      "P": 69.967,
      "R": 38.4111,
      "CU": 850.1316,
      "CU + COT": 911.2057
    },
    {
      "Comercializador": "Enel X",
      "Mercado": "META",
      "Nivel de Tensión": "1 COMP",
      "G": 390.6608,
      "T": 56.7575,
      "D": 246.4205,
      "C": 31.8621,
      "COT": 61.07,
      "P": 69.967,
      "R": 38.4111,
      "CU": 834.079,
      "CU + COT": 895.1531
    },
    {
      "Comercializador": "Enel X",
      "Mercado": "META",
      "Nivel de Tensión": "1 US",
      "G": 390.6608,
      "T": 56.7575,
      "D": 230.3678,
      "C": 31.8621,
      "COT": 61.07,
      "P": 69.967,
      "R": 38.4111,
      "CU": 818.0263,
      "CU + COT": 879.1004
    },
    {
      "Comercializador": "Enel X",
      "Mercado": "META",
      "Nivel de Tensión": "2",
      "G": 390.6608,
      "T": 56.7575,
      "D": 181.0986,
      "C": 31.8621,
      "COT": 39.93,
      "P": 31.198,
      "R": 38.4111,
      "CU": 729.9881,
      "CU + COT": 769.9203
    },
    {
      "Comercializador": "Enel X",
      "Mercado": "META",
      "Nivel de Tensión": "3",
      "G": 390.6608,
      "T": 56.7575,
      "D": 79.7306,
      "C": 31.8621,
      "COT": 28.28,
      "P": 24.1706,
      "R": 38.4111,
      "CU": 621.5927,
      "CU + COT": 649.8745
    },
    {
      "Comercializador": "Enel X",
      "Mercado": "QUINDIO",
      "Nivel de Tensión": "1 OR",
      "G": 389.0829,
      "T": 56.7575,
      "D": 326.9453,
      "C": 57.3472,
      "COT": 92.54,
      "P": 71.5754,
      "R": 38.4111,
      "CU": 940.1194,
      "CU + COT": 1032.6608
    },
    {
      "Comercializador": "Enel X",
      "Mercado": "QUINDIO",
      "Nivel de Tensión": "1 COMP",
      "G": 389.0829,
      "T": 56.7575,
      "D": 301.7223,
      "C": 57.3472,
      "COT": 92.54,
      "P": 71.5754,
      "R": 38.4111,
      "CU": 914.8964,
      "CU + COT": 1007.4378
    },
    {
      "Comercializador": "Enel X",
      "Mercado": "QUINDIO",
      "Nivel de Tensión": "1 US",
      "G": 389.0829,
      "T": 56.7575,
      "D": 276.4992,
      "C": 57.3472,
      "COT": 92.54,
      "P": 71.5754,
      "R": 38.4111,
      "CU": 889.6733,
      "CU + COT": 982.2147
    },
    {
      "Comercializador": "Enel X",
      "Mercado": "QUINDIO",
      "Nivel de Tensión": "2",
      "G": 389.0829,
      "T": 56.7575,
      "D": 206.2744,
      "C": 57.3472,
      "COT": 56.53,
      "P": 29.762,
      "R": 38.4111,
      "CU": 777.6351,
      "CU + COT": 834.1656
    },
    {
      "Comercializador": "Enel X",
      "Mercado": "QUINDIO",
      "Nivel de Tensión": "3",
      "G": 389.0829,
      "T": 56.7575,
      "D": 90.8879,
      "C": 57.3472,
      "COT": 33.83,
      "P": 22.4267,
      "R": 38.4111,
      "CU": 654.9133,
      "CU + COT": 688.7412
    },
    {
      "Comercializador": "Enel X",
      "Mercado": "NARIÑO",
      "Nivel de Tensión": "1 OR",
      "G": 397.0358,
      "T": 56.7575,
      "D": 261.038,
      "C": 144.9767,
      "COT": 42.4,
      "P": 74.7901,
      "R": 38.4111,
      "CU": 973.0092,
      "CU + COT": 1015.4084
    },
    {
      "Comercializador": "Enel X",
      "Mercado": "NARIÑO",
      "Nivel de Tensión": "1 COMP",
      "G": 397.0358,
      "T": 56.7575,
      "D": 231.5097,
      "C": 144.9767,
      "COT": 42.4,
      "P": 74.7901,
      "R": 38.4111,
      "CU": 943.4809,
      "CU + COT": 985.8801
    },
    {
      "Comercializador": "Enel X",
      "Mercado": "NARIÑO",
      "Nivel de Tensión": "1 US",
      "G": 397.0358,
      "T": 56.7575,
      "D": 201.9813,
      "C": 144.9767,
      "COT": 42.4,
      "P": 74.7901,
      "R": 38.4111,
      "CU": 913.9525,
      "CU + COT": 956.3517
    },
    {
      "Comercializador": "Enel X",
      "Mercado": "NARIÑO",
      "Nivel de Tensión": "2",
      "G": 397.0358,
      "T": 56.7575,
      "D": 153.1842,
      "C": 144.9767,
      "COT": 41.9,
      "P": 24.8696,
      "R": 38.4111,
      "CU": 815.2349,
      "CU + COT": 857.1352
    },
    {
      "Comercializador": "Enel X",
      "Mercado": "NARIÑO",
      "Nivel de Tensión": "3",
      "G": 397.0358,
      "T": 56.7575,
      "D": 94.3738,
      "C": 144.9767,
      "COT": 23.93,
      "P": 17.1966,
      "R": 38.4111,
      "CU": 748.7515,
      "CU + COT": 772.6765
    },
    {
      "Comercializador": "Enel X",
      "Mercado": "RISARALDA",
      "Nivel de Tensión": "1 OR",
      "G": 298.1917,
      "T": 56.7575,
      "D": 326.9453,
      "C": 39.2494,
      "COT": 0.0,
      "P": 55.875,
      "R": 38.4111,
      "CU": 815.43,
      "CU + COT": 815.43
    },
    {
      "Comercializador": "Enel X",
      "Mercado": "RISARALDA",
      "Nivel de Tensión": "1 COMP",
      "G": 298.1917,
      "T": 56.7575,
      "D": 303.5294,
      "C": 39.2494,
      "COT": 0.0,
      "P": 55.875,
      "R": 38.4111,
      "CU": 792.0141,
      "CU + COT": 792.0141
    },
    {
      "Comercializador": "Enel X",
      "Mercado": "RISARALDA",
      "Nivel de Tensión": "1 US",
      "G": 298.1917,
      "T": 56.7575,
      "D": 280.1135,
      "C": 39.2494,
      "COT": 0.0,
      "P": 55.875,
      "R": 38.4111,
      "CU": 768.5982,
      "CU + COT": 768.5982
    },
    {
      "Comercializador": "Enel X",
      "Mercado": "RISARALDA",
      "Nivel de Tensión": "2",
      "G": 298.1917,
      "T": 56.7575,
      "D": 206.2744,
      "C": 39.2494,
      "COT": 0.0,
      "P": 23.4042,
      "R": 38.4111,
      "CU": 662.2883,
      "CU + COT": 662.2883
    },
    {
      "Comercializador": "Enel X",
      "Mercado": "RISARALDA",
      "Nivel de Tensión": "3",
      "G": 298.1917,
      "T": 56.7575,
      "D": 90.8879,
      "C": 39.2494,
      "COT": 0.0,
      "P": 20.5127,
      "R": 38.4111,
      "CU": 544.0103,
      "CU + COT": 544.0103
    },
    {
      "Comercializador": "Enel X",
      "Mercado": "HUILA",
      "Nivel de Tensión": "1 OR",
      "G": 391.5116,
      "T": 56.7575,
      "D": 299.0111,
      "C": 38.3242,
      "COT": 20.98,
      "P": 79.2548,
      "R": 38.4111,
      "CU": 903.2703,
      "CU + COT": 924.2509
    },
    {
      "Comercializador": "Enel X",
      "Mercado": "HUILA",
      "Nivel de Tensión": "1 COMP",
      "G": 391.5116,
      "T": 56.7575,
      "D": 274.0277,
      "C": 38.3242,
      "COT": 20.98,
      "P": 79.2548,
      "R": 38.4111,
      "CU": 878.2869,
      "CU + COT": 899.2675
    },
    {
      "Comercializador": "Enel X",
      "Mercado": "HUILA",
      "Nivel de Tensión": "1 US",
      "G": 391.5116,
      "T": 56.7575,
      "D": 249.0443,
      "C": 38.3242,
      "COT": 20.98,
      "P": 79.2548,
      "R": 38.4111,
      "CU": 853.3035,
      "CU + COT": 874.2841
    },
    {
      "Comercializador": "Enel X",
      "Mercado": "HUILA",
      "Nivel de Tensión": "2",
      "G": 391.5116,
      "T": 56.7575,
      "D": 188.3506,
      "C": 38.3242,
      "COT": 33.71,
      "P": 30.3617,
      "R": 38.4111,
      "CU": 743.7167,
      "CU + COT": 777.4262
    },
    {
      "Comercializador": "Enel X",
      "Mercado": "HUILA",
      "Nivel de Tensión": "3",
      "G": 391.5116,
      "T": 56.7575,
      "D": 127.3489,
      "C": 38.3242,
      "COT": 38.89,
      "P": 23.044,
      "R": 38.4111,
      "CU": 675.3973,
      "CU + COT": 714.2853
    },
    {
      "Comercializador": "Enel X",
      "Mercado": "VALLE",
      "Nivel de Tensión": "1 OR",
      "G": 390.6282,
      "T": 56.7575,
      "D": 261.038,
      "C": 81.2932,
      "COT": 63.53,
      "P": 72.5007,
      "R": 38.4111,
      "CU": 900.6287,
      "CU + COT": 964.1587
    },
    {
      "Comercializador": "Enel X",
      "Mercado": "VALLE",
      "Nivel de Tensión": "1 US",
      "G": 390.6282,
      "T": 56.7575,
      "D": 189.679,
      "C": 81.2932,
      "COT": 63.53,
      "P": 72.5007,
      "R": 38.4111,
      "CU": 829.2697,
      "CU + COT": 892.7997
    },
    {
      "Comercializador": "Enel X",
      "Mercado": "VALLE",
      "Nivel de Tensión": "2",
      "G": 390.6282,
      "T": 56.7575,
      "D": 153.1842,
      "C": 81.2932,
      "COT": 0.0,
      "P": 29.9713,
      "R": 38.4111,
      "CU": 750.2455,
      "CU + COT": 750.2455
    },
    {
      "Comercializador": "Enel X",
      "Mercado": "VALLE",
      "Nivel de Tensión": "3",
      "G": 390.6282,
      "T": 56.7575,
      "D": 94.3738,
      "C": 81.2932,
      "COT": 0.0,
      "P": 25.4473,
      "R": 38.4111,
      "CU": 686.9111,
      "CU + COT": 686.9111
    },
    {
      "Comercializador": "Enel X",
      "Mercado": "VALLE",
      "Nivel de Tensión": "1 OR",
      "G": 388.259,
      "T": 56.7575,
      "D": 261.038,
      "C": 54.0155,
      "COT": 0.0,
      "P": 68.6174,
      "R": 38.4111,
      "CU": 867.0985,
      "CU + COT": 867.0985
    },
    {
      "Comercializador": "Enel X",
      "Mercado": "VALLE",
      "Nivel de Tensión": "1 US",
      "G": 388.259,
      "T": 56.7575,
      "D": 205.7585,
      "C": 54.0155,
      "COT": 0.0,
      "P": 68.6174,
      "R": 38.4111,
      "CU": 811.819,
      "CU + COT": 811.819
    },
    {
      "Comercializador": "Enel X",
      "Mercado": "VALLE",
      "Nivel de Tensión": "2",
      "G": 388.259,
      "T": 56.7575,
      "D": 153.1842,
      "C": 54.0155,
      "COT": 84.7,
      "P": 28.6127,
      "R": 38.4111,
      "CU": 719.24,
      "CU + COT": 803.94
    },
    {
      "Comercializador": "Enel X",
      "Mercado": "VALLE",
      "Nivel de Tensión": "3",
      "G": 388.259,
      "T": 56.7575,
      "D": 94.3738,
      "C": 54.0155,
      "COT": 71.44,
      "P": 21.8025,
      "R": 38.4111,
      "CU": 653.6194,
      "CU + COT": 725.0594
    },
    {
      "Comercializador": "Enel X",
      "Mercado": "TOLIMA",
      "Nivel de Tensión": "1 OR",
      "G": 391.8346,
      "T": 56.7575,
      "D": 299.0111,
      "C": 32.0038,
      "COT": 105.37,
      "P": 96.8551,
      "R": 38.4111,
      "CU": 914.8732,
      "CU + COT": 1020.2432
    },
    {
      "Comercializador": "Enel X",
      "Mercado": "TOLIMA",
      "Nivel de Tensión": "1 COMP",
      "G": 391.8346,
      "T": 56.7575,
      "D": 250.5186,
      "C": 32.0038,
      "COT": 105.37,
      "P": 96.8551,
      "R": 38.4111,
      "CU": 866.3807,
      "CU + COT": 971.7507
    },
    {
      "Comercializador": "Enel X",
      "Mercado": "TOLIMA",
      "Nivel de Tensión": "1 US",
      "G": 391.8346,
      "T": 56.7575,
      "D": 202.026,
      "C": 32.0038,
      "COT": 105.37,
      "P": 96.8551,
      "R": 38.4111,
      "CU": 817.8881,
      "CU + COT": 923.2581
    },
    {
      "Comercializador": "Enel X",
      "Mercado": "TOLIMA",
      "Nivel de Tensión": "2",
      "G": 391.8346,
      "T": 56.7575,
      "D": 188.3506,
      "C": 32.0038,
      "COT": 0.0,
      "P": 42.7722,
      "R": 38.4111,
      "CU": 750.1298,
      "CU + COT": 750.1298
    },
    {
      "Comercializador": "Enel X",
      "Mercado": "TOLIMA",
      "Nivel de Tensión": "3",
      "G": 391.8346,
      "T": 56.7575,
      "D": 127.3489,
      "C": 32.0038,
      "COT": 0.0,
      "P": 31.5838,
      "R": 38.4111,
      "CU": 677.9397,
      "CU + COT": 677.9397
    },
    {
      "Comercializador": "Enel X",
      "Mercado": "BOYACA",
      "Nivel de Tensión": "1 OR",
      "G": 307.7212,
      "T": 56.7575,
      "D": 299.0111,
      "C": 34.9125,
      "COT": 26.07,
      "P": 67.9961,
      "R": 38.4111,
      "CU": 804.8095,
      "CU + COT": 830.8817
    },
    {
      "Comercializador": "Enel X",
      "Mercado": "BOYACA",
      "Nivel de Tensión": "1 COMP",
      "G": 307.7212,
      "T": 56.7575,
      "D": 254.3372,
      "C": 34.9125,
      "COT": 26.07,
      "P": 67.9961,
      "R": 38.4111,
      "CU": 760.1356,
      "CU + COT": 786.2078
    },
    {
      "Comercializador": "Enel X",
      "Mercado": "BOYACA",
      "Nivel de Tensión": "1 US",
      "G": 307.7212,
      "T": 56.7575,
      "D": 209.6634,
      "C": 34.9125,
      "COT": 26.07,
      "P": 67.9961,
      "R": 38.4111,
      "CU": 715.4618,
      "CU + COT": 741.534
    },
    {
      "Comercializador": "Enel X",
      "Mercado": "BOYACA",
      "Nivel de Tensión": "2",
      "G": 307.7212,
      "T": 56.7575,
      "D": 188.3506,
      "C": 34.9125,
      "COT": 26.58,
      "P": 19.1572,
      "R": 38.4111,
      "CU": 645.3101,
      "CU + COT": 671.8926
    },
    {
      "Comercializador": "Enel X",
      "Mercado": "BOYACA",
      "Nivel de Tensión": "3",
      "G": 307.7212,
      "T": 56.7575,
      "D": 127.3489,
      "C": 34.9125,
      "COT": 23.86,
      "P": 16.2619,
      "R": 38.4111,
      "CU": 581.4131,
      "CU + COT": 605.2758
    },
    {
      "Comercializador": "Enel X",
      "Mercado": "SANTANDER",
      "Nivel de Tensión": "1 OR",
      "G": 387.1069,
      "T": 56.7575,
      "D": 326.9453,
      "C": 36.0497,
      "COT": 0.0,
      "P": 63.0772,
      "R": 38.4111,
      "CU": 908.3477,
      "CU + COT": 908.3477
    },
    {
      "Comercializador": "Enel X",
      "Mercado": "SANTANDER",
      "Nivel de Tensión": "1 US",
      "G": 387.1069,
      "T": 56.7575,
      "D": 272.4635,
      "C": 36.0497,
      "COT": 0.0,
      "P": 63.0772,
      "R": 38.4111,
      "CU": 853.8659,
      "CU + COT": 853.8659
    },
    {
      "Comercializador": "Enel X",
      "Mercado": "SANTANDER",
      "Nivel de Tensión": "2",
      "G": 387.1069,
      "T": 56.7575,
      "D": 206.2744,
      "C": 36.0497,
      "COT": 0.0,
      "P": 13.9422,
      "R": 38.4111,
      "CU": 738.5418,
      "CU + COT": 738.5418
    },
    {
      "Comercializador": "Enel X",
      "Mercado": "SANTANDER",
      "Nivel de Tensión": "3",
      "G": 387.1069,
      "T": 56.7575,
      "D": 90.8879,
      "C": 36.0497,
      "COT": 0.0,
      "P": 5.5625,
      "R": 38.4111,
      "CU": 614.7756,
      "CU + COT": 614.7756
    }
  ]
}